sku,trade_id,trade_name,category,tier_id,tier_name,duration_id,duration_name,hours,billable_hourly_usd,multiplier,total_usd,stripe_product_name,stripe_product_description,stripe_price_currency,stripe_price_amount_cents,client_reference_id_template
concrete_apprentice_half,concrete,Concrete Workers,structural,apprentice,Apprentice,half,Half Day,4,48,1.0,192,Apprentice Concrete Workers — Half Day (4h),"Apprentice-tier concrete workers for 4 hours (half day). Includes WC, payroll, GL, and dispatch. Tradesperson deploys to the shipping address provided at checkout.",usd,19200,concrete_apprentice_half_192
concrete_apprentice_full,concrete,Concrete Workers,structural,apprentice,Apprentice,full,Full Day,8,48,1.0,384,Apprentice Concrete Workers — Full Day (8h),"Apprentice-tier concrete workers for 8 hours (full day). Includes WC, payroll, GL, and dispatch. Tradesperson deploys to the shipping address provided at checkout.",usd,38400,concrete_apprentice_full_384
concrete_apprentice_weekly,concrete,Concrete Workers,structural,apprentice,Apprentice,weekly,Weekly,40,48,0.92,1766,Apprentice Concrete Workers — Weekly (40h),"Apprentice-tier concrete workers for 40 hours (weekly). Includes WC, payroll, GL, and dispatch. Tradesperson deploys to the shipping address provided at checkout.",usd,176600,concrete_apprentice_weekly_1766
concrete_journeyman_half,concrete,Concrete Workers,structural,journeyman,Journeyman,half,Half Day,4,68,1.0,272,Journeyman Concrete Workers — Half Day (4h),"Journeyman-tier concrete workers for 4 hours (half day). Includes WC, payroll, GL, and dispatch. Tradesperson deploys to the shipping address provided at checkout.",usd,27200,concrete_journeyman_half_272
concrete_journeyman_full,concrete,Concrete Workers,structural,journeyman,Journeyman,full,Full Day,8,68,1.0,544,Journeyman Concrete Workers — Full Day (8h),"Journeyman-tier concrete workers for 8 hours (full day). Includes WC, payroll, GL, and dispatch. Tradesperson deploys to the shipping address provided at checkout.",usd,54400,concrete_journeyman_full_544
concrete_journeyman_weekly,concrete,Concrete Workers,structural,journeyman,Journeyman,weekly,Weekly,40,68,0.92,2502,Journeyman Concrete Workers — Weekly (40h),"Journeyman-tier concrete workers for 40 hours (weekly). Includes WC, payroll, GL, and dispatch. Tradesperson deploys to the shipping address provided at checkout.",usd,250200,concrete_journeyman_weekly_2502
concrete_master_half,concrete,Concrete Workers,structural,master,Master / Foreman,half,Half Day,4,88,1.0,352,Master / Foreman Concrete Workers — Half Day (4h),"Master / Foreman-tier concrete workers for 4 hours (half day). Includes WC, payroll, GL, and dispatch. Tradesperson deploys to the shipping address provided at checkout.",usd,35200,concrete_master_half_352
concrete_master_full,concrete,Concrete Workers,structural,master,Master / Foreman,full,Full Day,8,88,1.0,704,Master / Foreman Concrete Workers — Full Day (8h),"Master / Foreman-tier concrete workers for 8 hours (full day). Includes WC, payroll, GL, and dispatch. Tradesperson deploys to the shipping address provided at checkout.",usd,70400,concrete_master_full_704
concrete_master_weekly,concrete,Concrete Workers,structural,master,Master / Foreman,weekly,Weekly,40,88,0.92,3238,Master / Foreman Concrete Workers — Weekly (40h),"Master / Foreman-tier concrete workers for 40 hours (weekly). Includes WC, payroll, GL, and dispatch. Tradesperson deploys to the shipping address provided at checkout.",usd,323800,concrete_master_weekly_3238
drywall_apprentice_half,drywall,Drywall Hangers,structural,apprentice,Apprentice,half,Half Day,4,42,1.0,168,Apprentice Drywall Hangers — Half Day (4h),"Apprentice-tier drywall hangers for 4 hours (half day). Includes WC, payroll, GL, and dispatch. Tradesperson deploys to the shipping address provided at checkout.",usd,16800,drywall_apprentice_half_168
drywall_apprentice_full,drywall,Drywall Hangers,structural,apprentice,Apprentice,full,Full Day,8,42,1.0,336,Apprentice Drywall Hangers — Full Day (8h),"Apprentice-tier drywall hangers for 8 hours (full day). Includes WC, payroll, GL, and dispatch. Tradesperson deploys to the shipping address provided at checkout.",usd,33600,drywall_apprentice_full_336
drywall_apprentice_weekly,drywall,Drywall Hangers,structural,apprentice,Apprentice,weekly,Weekly,40,42,0.92,1546,Apprentice Drywall Hangers — Weekly (40h),"Apprentice-tier drywall hangers for 40 hours (weekly). Includes WC, payroll, GL, and dispatch. Tradesperson deploys to the shipping address provided at checkout.",usd,154600,drywall_apprentice_weekly_1546
drywall_journeyman_half,drywall,Drywall Hangers,structural,journeyman,Journeyman,half,Half Day,4,62,1.0,248,Journeyman Drywall Hangers — Half Day (4h),"Journeyman-tier drywall hangers for 4 hours (half day). Includes WC, payroll, GL, and dispatch. Tradesperson deploys to the shipping address provided at checkout.",usd,24800,drywall_journeyman_half_248
drywall_journeyman_full,drywall,Drywall Hangers,structural,journeyman,Journeyman,full,Full Day,8,62,1.0,496,Journeyman Drywall Hangers — Full Day (8h),"Journeyman-tier drywall hangers for 8 hours (full day). Includes WC, payroll, GL, and dispatch. Tradesperson deploys to the shipping address provided at checkout.",usd,49600,drywall_journeyman_full_496
drywall_journeyman_weekly,drywall,Drywall Hangers,structural,journeyman,Journeyman,weekly,Weekly,40,62,0.92,2282,Journeyman Drywall Hangers — Weekly (40h),"Journeyman-tier drywall hangers for 40 hours (weekly). Includes WC, payroll, GL, and dispatch. Tradesperson deploys to the shipping address provided at checkout.",usd,228200,drywall_journeyman_weekly_2282
drywall_master_half,drywall,Drywall Hangers,structural,master,Master / Foreman,half,Half Day,4,82,1.0,328,Master / Foreman Drywall Hangers — Half Day (4h),"Master / Foreman-tier drywall hangers for 4 hours (half day). Includes WC, payroll, GL, and dispatch. Tradesperson deploys to the shipping address provided at checkout.",usd,32800,drywall_master_half_328
drywall_master_full,drywall,Drywall Hangers,structural,master,Master / Foreman,full,Full Day,8,82,1.0,656,Master / Foreman Drywall Hangers — Full Day (8h),"Master / Foreman-tier drywall hangers for 8 hours (full day). Includes WC, payroll, GL, and dispatch. Tradesperson deploys to the shipping address provided at checkout.",usd,65600,drywall_master_full_656
drywall_master_weekly,drywall,Drywall Hangers,structural,master,Master / Foreman,weekly,Weekly,40,82,0.92,3018,Master / Foreman Drywall Hangers — Weekly (40h),"Master / Foreman-tier drywall hangers for 40 hours (weekly). Includes WC, payroll, GL, and dispatch. Tradesperson deploys to the shipping address provided at checkout.",usd,301800,drywall_master_weekly_3018
electricians_apprentice_half,electricians,Electricians,electrical,apprentice,Apprentice,half,Half Day,4,58,1.0,232,Apprentice Electricians — Half Day (4h),"Apprentice-tier electricians for 4 hours (half day). Includes WC, payroll, GL, and dispatch. Tradesperson deploys to the shipping address provided at checkout.",usd,23200,electricians_apprentice_half_232
electricians_apprentice_full,electricians,Electricians,electrical,apprentice,Apprentice,full,Full Day,8,58,1.0,464,Apprentice Electricians — Full Day (8h),"Apprentice-tier electricians for 8 hours (full day). Includes WC, payroll, GL, and dispatch. Tradesperson deploys to the shipping address provided at checkout.",usd,46400,electricians_apprentice_full_464
electricians_apprentice_weekly,electricians,Electricians,electrical,apprentice,Apprentice,weekly,Weekly,40,58,0.92,2134,Apprentice Electricians — Weekly (40h),"Apprentice-tier electricians for 40 hours (weekly). Includes WC, payroll, GL, and dispatch. Tradesperson deploys to the shipping address provided at checkout.",usd,213400,electricians_apprentice_weekly_2134
electricians_journeyman_half,electricians,Electricians,electrical,journeyman,Journeyman,half,Half Day,4,85,1.0,340,Journeyman Electricians — Half Day (4h),"Journeyman-tier electricians for 4 hours (half day). Includes WC, payroll, GL, and dispatch. Tradesperson deploys to the shipping address provided at checkout.",usd,34000,electricians_journeyman_half_340
electricians_journeyman_full,electricians,Electricians,electrical,journeyman,Journeyman,full,Full Day,8,85,1.0,680,Journeyman Electricians — Full Day (8h),"Journeyman-tier electricians for 8 hours (full day). Includes WC, payroll, GL, and dispatch. Tradesperson deploys to the shipping address provided at checkout.",usd,68000,electricians_journeyman_full_680
electricians_journeyman_weekly,electricians,Electricians,electrical,journeyman,Journeyman,weekly,Weekly,40,85,0.92,3128,Journeyman Electricians — Weekly (40h),"Journeyman-tier electricians for 40 hours (weekly). Includes WC, payroll, GL, and dispatch. Tradesperson deploys to the shipping address provided at checkout.",usd,312800,electricians_journeyman_weekly_3128
electricians_master_half,electricians,Electricians,electrical,master,Master / Foreman,half,Half Day,4,115,1.0,460,Master / Foreman Electricians — Half Day (4h),"Master / Foreman-tier electricians for 4 hours (half day). Includes WC, payroll, GL, and dispatch. Tradesperson deploys to the shipping address provided at checkout.",usd,46000,electricians_master_half_460
electricians_master_full,electricians,Electricians,electrical,master,Master / Foreman,full,Full Day,8,115,1.0,920,Master / Foreman Electricians — Full Day (8h),"Master / Foreman-tier electricians for 8 hours (full day). Includes WC, payroll, GL, and dispatch. Tradesperson deploys to the shipping address provided at checkout.",usd,92000,electricians_master_full_920
electricians_master_weekly,electricians,Electricians,electrical,master,Master / Foreman,weekly,Weekly,40,115,0.92,4232,Master / Foreman Electricians — Weekly (40h),"Master / Foreman-tier electricians for 40 hours (weekly). Includes WC, payroll, GL, and dispatch. Tradesperson deploys to the shipping address provided at checkout.",usd,423200,electricians_master_weekly_4232
hvac_apprentice_half,hvac,HVAC Technicians,mechanical,apprentice,Apprentice,half,Half Day,4,52,1.0,208,Apprentice HVAC Technicians — Half Day (4h),"Apprentice-tier hvac technicians for 4 hours (half day). Includes WC, payroll, GL, and dispatch. Tradesperson deploys to the shipping address provided at checkout.",usd,20800,hvac_apprentice_half_208
hvac_apprentice_full,hvac,HVAC Technicians,mechanical,apprentice,Apprentice,full,Full Day,8,52,1.0,416,Apprentice HVAC Technicians — Full Day (8h),"Apprentice-tier hvac technicians for 8 hours (full day). Includes WC, payroll, GL, and dispatch. Tradesperson deploys to the shipping address provided at checkout.",usd,41600,hvac_apprentice_full_416
hvac_apprentice_weekly,hvac,HVAC Technicians,mechanical,apprentice,Apprentice,weekly,Weekly,40,52,0.92,1914,Apprentice HVAC Technicians — Weekly (40h),"Apprentice-tier hvac technicians for 40 hours (weekly). Includes WC, payroll, GL, and dispatch. Tradesperson deploys to the shipping address provided at checkout.",usd,191400,hvac_apprentice_weekly_1914
hvac_journeyman_half,hvac,HVAC Technicians,mechanical,journeyman,Journeyman,half,Half Day,4,78,1.0,312,Journeyman HVAC Technicians — Half Day (4h),"Journeyman-tier hvac technicians for 4 hours (half day). Includes WC, payroll, GL, and dispatch. Tradesperson deploys to the shipping address provided at checkout.",usd,31200,hvac_journeyman_half_312
hvac_journeyman_full,hvac,HVAC Technicians,mechanical,journeyman,Journeyman,full,Full Day,8,78,1.0,624,Journeyman HVAC Technicians — Full Day (8h),"Journeyman-tier hvac technicians for 8 hours (full day). Includes WC, payroll, GL, and dispatch. Tradesperson deploys to the shipping address provided at checkout.",usd,62400,hvac_journeyman_full_624
hvac_journeyman_weekly,hvac,HVAC Technicians,mechanical,journeyman,Journeyman,weekly,Weekly,40,78,0.92,2870,Journeyman HVAC Technicians — Weekly (40h),"Journeyman-tier hvac technicians for 40 hours (weekly). Includes WC, payroll, GL, and dispatch. Tradesperson deploys to the shipping address provided at checkout.",usd,287000,hvac_journeyman_weekly_2870
hvac_master_half,hvac,HVAC Technicians,mechanical,master,Master / Foreman,half,Half Day,4,105,1.0,420,Master / Foreman HVAC Technicians — Half Day (4h),"Master / Foreman-tier hvac technicians for 4 hours (half day). Includes WC, payroll, GL, and dispatch. Tradesperson deploys to the shipping address provided at checkout.",usd,42000,hvac_master_half_420
hvac_master_full,hvac,HVAC Technicians,mechanical,master,Master / Foreman,full,Full Day,8,105,1.0,840,Master / Foreman HVAC Technicians — Full Day (8h),"Master / Foreman-tier hvac technicians for 8 hours (full day). Includes WC, payroll, GL, and dispatch. Tradesperson deploys to the shipping address provided at checkout.",usd,84000,hvac_master_full_840
hvac_master_weekly,hvac,HVAC Technicians,mechanical,master,Master / Foreman,weekly,Weekly,40,105,0.92,3864,Master / Foreman HVAC Technicians — Weekly (40h),"Master / Foreman-tier hvac technicians for 40 hours (weekly). Includes WC, payroll, GL, and dispatch. Tradesperson deploys to the shipping address provided at checkout.",usd,386400,hvac_master_weekly_3864
commercial-hvac_apprentice_half,commercial-hvac,Commercial HVAC,mechanical,apprentice,Apprentice,half,Half Day,4,62,1.0,248,Apprentice Commercial HVAC — Half Day (4h),"Apprentice-tier commercial hvac for 4 hours (half day). Includes WC, payroll, GL, and dispatch. Tradesperson deploys to the shipping address provided at checkout.",usd,24800,commercial-hvac_apprentice_half_248
commercial-hvac_apprentice_full,commercial-hvac,Commercial HVAC,mechanical,apprentice,Apprentice,full,Full Day,8,62,1.0,496,Apprentice Commercial HVAC — Full Day (8h),"Apprentice-tier commercial hvac for 8 hours (full day). Includes WC, payroll, GL, and dispatch. Tradesperson deploys to the shipping address provided at checkout.",usd,49600,commercial-hvac_apprentice_full_496
commercial-hvac_apprentice_weekly,commercial-hvac,Commercial HVAC,mechanical,apprentice,Apprentice,weekly,Weekly,40,62,0.92,2282,Apprentice Commercial HVAC — Weekly (40h),"Apprentice-tier commercial hvac for 40 hours (weekly). Includes WC, payroll, GL, and dispatch. Tradesperson deploys to the shipping address provided at checkout.",usd,228200,commercial-hvac_apprentice_weekly_2282
commercial-hvac_journeyman_half,commercial-hvac,Commercial HVAC,mechanical,journeyman,Journeyman,half,Half Day,4,92,1.0,368,Journeyman Commercial HVAC — Half Day (4h),"Journeyman-tier commercial hvac for 4 hours (half day). Includes WC, payroll, GL, and dispatch. Tradesperson deploys to the shipping address provided at checkout.",usd,36800,commercial-hvac_journeyman_half_368
commercial-hvac_journeyman_full,commercial-hvac,Commercial HVAC,mechanical,journeyman,Journeyman,full,Full Day,8,92,1.0,736,Journeyman Commercial HVAC — Full Day (8h),"Journeyman-tier commercial hvac for 8 hours (full day). Includes WC, payroll, GL, and dispatch. Tradesperson deploys to the shipping address provided at checkout.",usd,73600,commercial-hvac_journeyman_full_736
commercial-hvac_journeyman_weekly,commercial-hvac,Commercial HVAC,mechanical,journeyman,Journeyman,weekly,Weekly,40,92,0.92,3386,Journeyman Commercial HVAC — Weekly (40h),"Journeyman-tier commercial hvac for 40 hours (weekly). Includes WC, payroll, GL, and dispatch. Tradesperson deploys to the shipping address provided at checkout.",usd,338600,commercial-hvac_journeyman_weekly_3386
commercial-hvac_master_half,commercial-hvac,Commercial HVAC,mechanical,master,Master / Foreman,half,Half Day,4,125,1.0,500,Master / Foreman Commercial HVAC — Half Day (4h),"Master / Foreman-tier commercial hvac for 4 hours (half day). Includes WC, payroll, GL, and dispatch. Tradesperson deploys to the shipping address provided at checkout.",usd,50000,commercial-hvac_master_half_500
commercial-hvac_master_full,commercial-hvac,Commercial HVAC,mechanical,master,Master / Foreman,full,Full Day,8,125,1.0,1000,Master / Foreman Commercial HVAC — Full Day (8h),"Master / Foreman-tier commercial hvac for 8 hours (full day). Includes WC, payroll, GL, and dispatch. Tradesperson deploys to the shipping address provided at checkout.",usd,100000,commercial-hvac_master_full_1000
commercial-hvac_master_weekly,commercial-hvac,Commercial HVAC,mechanical,master,Master / Foreman,weekly,Weekly,40,125,0.92,4600,Master / Foreman Commercial HVAC — Weekly (40h),"Master / Foreman-tier commercial hvac for 40 hours (weekly). Includes WC, payroll, GL, and dispatch. Tradesperson deploys to the shipping address provided at checkout.",usd,460000,commercial-hvac_master_weekly_4600
ironworkers_apprentice_half,ironworkers,Ironworkers,structural,apprentice,Apprentice,half,Half Day,4,55,1.0,220,Apprentice Ironworkers — Half Day (4h),"Apprentice-tier ironworkers for 4 hours (half day). Includes WC, payroll, GL, and dispatch. Tradesperson deploys to the shipping address provided at checkout.",usd,22000,ironworkers_apprentice_half_220
ironworkers_apprentice_full,ironworkers,Ironworkers,structural,apprentice,Apprentice,full,Full Day,8,55,1.0,440,Apprentice Ironworkers — Full Day (8h),"Apprentice-tier ironworkers for 8 hours (full day). Includes WC, payroll, GL, and dispatch. Tradesperson deploys to the shipping address provided at checkout.",usd,44000,ironworkers_apprentice_full_440
ironworkers_apprentice_weekly,ironworkers,Ironworkers,structural,apprentice,Apprentice,weekly,Weekly,40,55,0.92,2024,Apprentice Ironworkers — Weekly (40h),"Apprentice-tier ironworkers for 40 hours (weekly). Includes WC, payroll, GL, and dispatch. Tradesperson deploys to the shipping address provided at checkout.",usd,202400,ironworkers_apprentice_weekly_2024
ironworkers_journeyman_half,ironworkers,Ironworkers,structural,journeyman,Journeyman,half,Half Day,4,80,1.0,320,Journeyman Ironworkers — Half Day (4h),"Journeyman-tier ironworkers for 4 hours (half day). Includes WC, payroll, GL, and dispatch. Tradesperson deploys to the shipping address provided at checkout.",usd,32000,ironworkers_journeyman_half_320
ironworkers_journeyman_full,ironworkers,Ironworkers,structural,journeyman,Journeyman,full,Full Day,8,80,1.0,640,Journeyman Ironworkers — Full Day (8h),"Journeyman-tier ironworkers for 8 hours (full day). Includes WC, payroll, GL, and dispatch. Tradesperson deploys to the shipping address provided at checkout.",usd,64000,ironworkers_journeyman_full_640
ironworkers_journeyman_weekly,ironworkers,Ironworkers,structural,journeyman,Journeyman,weekly,Weekly,40,80,0.92,2944,Journeyman Ironworkers — Weekly (40h),"Journeyman-tier ironworkers for 40 hours (weekly). Includes WC, payroll, GL, and dispatch. Tradesperson deploys to the shipping address provided at checkout.",usd,294400,ironworkers_journeyman_weekly_2944
ironworkers_master_half,ironworkers,Ironworkers,structural,master,Master / Foreman,half,Half Day,4,108,1.0,432,Master / Foreman Ironworkers — Half Day (4h),"Master / Foreman-tier ironworkers for 4 hours (half day). Includes WC, payroll, GL, and dispatch. Tradesperson deploys to the shipping address provided at checkout.",usd,43200,ironworkers_master_half_432
ironworkers_master_full,ironworkers,Ironworkers,structural,master,Master / Foreman,full,Full Day,8,108,1.0,864,Master / Foreman Ironworkers — Full Day (8h),"Master / Foreman-tier ironworkers for 8 hours (full day). Includes WC, payroll, GL, and dispatch. Tradesperson deploys to the shipping address provided at checkout.",usd,86400,ironworkers_master_full_864
ironworkers_master_weekly,ironworkers,Ironworkers,structural,master,Master / Foreman,weekly,Weekly,40,108,0.92,3974,Master / Foreman Ironworkers — Weekly (40h),"Master / Foreman-tier ironworkers for 40 hours (weekly). Includes WC, payroll, GL, and dispatch. Tradesperson deploys to the shipping address provided at checkout.",usd,397400,ironworkers_master_weekly_3974
linemen_apprentice_half,linemen,Linemen,electrical,apprentice,Apprentice,half,Half Day,4,68,1.0,272,Apprentice Linemen — Half Day (4h),"Apprentice-tier linemen for 4 hours (half day). Includes WC, payroll, GL, and dispatch. Tradesperson deploys to the shipping address provided at checkout.",usd,27200,linemen_apprentice_half_272
linemen_apprentice_full,linemen,Linemen,electrical,apprentice,Apprentice,full,Full Day,8,68,1.0,544,Apprentice Linemen — Full Day (8h),"Apprentice-tier linemen for 8 hours (full day). Includes WC, payroll, GL, and dispatch. Tradesperson deploys to the shipping address provided at checkout.",usd,54400,linemen_apprentice_full_544
linemen_apprentice_weekly,linemen,Linemen,electrical,apprentice,Apprentice,weekly,Weekly,40,68,0.92,2502,Apprentice Linemen — Weekly (40h),"Apprentice-tier linemen for 40 hours (weekly). Includes WC, payroll, GL, and dispatch. Tradesperson deploys to the shipping address provided at checkout.",usd,250200,linemen_apprentice_weekly_2502
linemen_journeyman_half,linemen,Linemen,electrical,journeyman,Journeyman,half,Half Day,4,98,1.0,392,Journeyman Linemen — Half Day (4h),"Journeyman-tier linemen for 4 hours (half day). Includes WC, payroll, GL, and dispatch. Tradesperson deploys to the shipping address provided at checkout.",usd,39200,linemen_journeyman_half_392
linemen_journeyman_full,linemen,Linemen,electrical,journeyman,Journeyman,full,Full Day,8,98,1.0,784,Journeyman Linemen — Full Day (8h),"Journeyman-tier linemen for 8 hours (full day). Includes WC, payroll, GL, and dispatch. Tradesperson deploys to the shipping address provided at checkout.",usd,78400,linemen_journeyman_full_784
linemen_journeyman_weekly,linemen,Linemen,electrical,journeyman,Journeyman,weekly,Weekly,40,98,0.92,3606,Journeyman Linemen — Weekly (40h),"Journeyman-tier linemen for 40 hours (weekly). Includes WC, payroll, GL, and dispatch. Tradesperson deploys to the shipping address provided at checkout.",usd,360600,linemen_journeyman_weekly_3606
linemen_master_half,linemen,Linemen,electrical,master,Master / Foreman,half,Half Day,4,135,1.0,540,Master / Foreman Linemen — Half Day (4h),"Master / Foreman-tier linemen for 4 hours (half day). Includes WC, payroll, GL, and dispatch. Tradesperson deploys to the shipping address provided at checkout.",usd,54000,linemen_master_half_540
linemen_master_full,linemen,Linemen,electrical,master,Master / Foreman,full,Full Day,8,135,1.0,1080,Master / Foreman Linemen — Full Day (8h),"Master / Foreman-tier linemen for 8 hours (full day). Includes WC, payroll, GL, and dispatch. Tradesperson deploys to the shipping address provided at checkout.",usd,108000,linemen_master_full_1080
linemen_master_weekly,linemen,Linemen,electrical,master,Master / Foreman,weekly,Weekly,40,135,0.92,4968,Master / Foreman Linemen — Weekly (40h),"Master / Foreman-tier linemen for 40 hours (weekly). Includes WC, payroll, GL, and dispatch. Tradesperson deploys to the shipping address provided at checkout.",usd,496800,linemen_master_weekly_4968
masons_apprentice_half,masons,Masons,structural,apprentice,Apprentice,half,Half Day,4,52,1.0,208,Apprentice Masons — Half Day (4h),"Apprentice-tier masons for 4 hours (half day). Includes WC, payroll, GL, and dispatch. Tradesperson deploys to the shipping address provided at checkout.",usd,20800,masons_apprentice_half_208
masons_apprentice_full,masons,Masons,structural,apprentice,Apprentice,full,Full Day,8,52,1.0,416,Apprentice Masons — Full Day (8h),"Apprentice-tier masons for 8 hours (full day). Includes WC, payroll, GL, and dispatch. Tradesperson deploys to the shipping address provided at checkout.",usd,41600,masons_apprentice_full_416
masons_apprentice_weekly,masons,Masons,structural,apprentice,Apprentice,weekly,Weekly,40,52,0.92,1914,Apprentice Masons — Weekly (40h),"Apprentice-tier masons for 40 hours (weekly). Includes WC, payroll, GL, and dispatch. Tradesperson deploys to the shipping address provided at checkout.",usd,191400,masons_apprentice_weekly_1914
masons_journeyman_half,masons,Masons,structural,journeyman,Journeyman,half,Half Day,4,76,1.0,304,Journeyman Masons — Half Day (4h),"Journeyman-tier masons for 4 hours (half day). Includes WC, payroll, GL, and dispatch. Tradesperson deploys to the shipping address provided at checkout.",usd,30400,masons_journeyman_half_304
masons_journeyman_full,masons,Masons,structural,journeyman,Journeyman,full,Full Day,8,76,1.0,608,Journeyman Masons — Full Day (8h),"Journeyman-tier masons for 8 hours (full day). Includes WC, payroll, GL, and dispatch. Tradesperson deploys to the shipping address provided at checkout.",usd,60800,masons_journeyman_full_608
masons_journeyman_weekly,masons,Masons,structural,journeyman,Journeyman,weekly,Weekly,40,76,0.92,2797,Journeyman Masons — Weekly (40h),"Journeyman-tier masons for 40 hours (weekly). Includes WC, payroll, GL, and dispatch. Tradesperson deploys to the shipping address provided at checkout.",usd,279700,masons_journeyman_weekly_2797
masons_master_half,masons,Masons,structural,master,Master / Foreman,half,Half Day,4,102,1.0,408,Master / Foreman Masons — Half Day (4h),"Master / Foreman-tier masons for 4 hours (half day). Includes WC, payroll, GL, and dispatch. Tradesperson deploys to the shipping address provided at checkout.",usd,40800,masons_master_half_408
masons_master_full,masons,Masons,structural,master,Master / Foreman,full,Full Day,8,102,1.0,816,Master / Foreman Masons — Full Day (8h),"Master / Foreman-tier masons for 8 hours (full day). Includes WC, payroll, GL, and dispatch. Tradesperson deploys to the shipping address provided at checkout.",usd,81600,masons_master_full_816
masons_master_weekly,masons,Masons,structural,master,Master / Foreman,weekly,Weekly,40,102,0.92,3754,Master / Foreman Masons — Weekly (40h),"Master / Foreman-tier masons for 40 hours (weekly). Includes WC, payroll, GL, and dispatch. Tradesperson deploys to the shipping address provided at checkout.",usd,375400,masons_master_weekly_3754
millwrights_apprentice_half,millwrights,Millwrights,heavy,apprentice,Apprentice,half,Half Day,4,58,1.0,232,Apprentice Millwrights — Half Day (4h),"Apprentice-tier millwrights for 4 hours (half day). Includes WC, payroll, GL, and dispatch. Tradesperson deploys to the shipping address provided at checkout.",usd,23200,millwrights_apprentice_half_232
millwrights_apprentice_full,millwrights,Millwrights,heavy,apprentice,Apprentice,full,Full Day,8,58,1.0,464,Apprentice Millwrights — Full Day (8h),"Apprentice-tier millwrights for 8 hours (full day). Includes WC, payroll, GL, and dispatch. Tradesperson deploys to the shipping address provided at checkout.",usd,46400,millwrights_apprentice_full_464
millwrights_apprentice_weekly,millwrights,Millwrights,heavy,apprentice,Apprentice,weekly,Weekly,40,58,0.92,2134,Apprentice Millwrights — Weekly (40h),"Apprentice-tier millwrights for 40 hours (weekly). Includes WC, payroll, GL, and dispatch. Tradesperson deploys to the shipping address provided at checkout.",usd,213400,millwrights_apprentice_weekly_2134
millwrights_journeyman_half,millwrights,Millwrights,heavy,journeyman,Journeyman,half,Half Day,4,86,1.0,344,Journeyman Millwrights — Half Day (4h),"Journeyman-tier millwrights for 4 hours (half day). Includes WC, payroll, GL, and dispatch. Tradesperson deploys to the shipping address provided at checkout.",usd,34400,millwrights_journeyman_half_344
millwrights_journeyman_full,millwrights,Millwrights,heavy,journeyman,Journeyman,full,Full Day,8,86,1.0,688,Journeyman Millwrights — Full Day (8h),"Journeyman-tier millwrights for 8 hours (full day). Includes WC, payroll, GL, and dispatch. Tradesperson deploys to the shipping address provided at checkout.",usd,68800,millwrights_journeyman_full_688
millwrights_journeyman_weekly,millwrights,Millwrights,heavy,journeyman,Journeyman,weekly,Weekly,40,86,0.92,3165,Journeyman Millwrights — Weekly (40h),"Journeyman-tier millwrights for 40 hours (weekly). Includes WC, payroll, GL, and dispatch. Tradesperson deploys to the shipping address provided at checkout.",usd,316500,millwrights_journeyman_weekly_3165
millwrights_master_half,millwrights,Millwrights,heavy,master,Master / Foreman,half,Half Day,4,115,1.0,460,Master / Foreman Millwrights — Half Day (4h),"Master / Foreman-tier millwrights for 4 hours (half day). Includes WC, payroll, GL, and dispatch. Tradesperson deploys to the shipping address provided at checkout.",usd,46000,millwrights_master_half_460
millwrights_master_full,millwrights,Millwrights,heavy,master,Master / Foreman,full,Full Day,8,115,1.0,920,Master / Foreman Millwrights — Full Day (8h),"Master / Foreman-tier millwrights for 8 hours (full day). Includes WC, payroll, GL, and dispatch. Tradesperson deploys to the shipping address provided at checkout.",usd,92000,millwrights_master_full_920
millwrights_master_weekly,millwrights,Millwrights,heavy,master,Master / Foreman,weekly,Weekly,40,115,0.92,4232,Master / Foreman Millwrights — Weekly (40h),"Master / Foreman-tier millwrights for 40 hours (weekly). Includes WC, payroll, GL, and dispatch. Tradesperson deploys to the shipping address provided at checkout.",usd,423200,millwrights_master_weekly_4232
plumbers_apprentice_half,plumbers,Plumbers,mechanical,apprentice,Apprentice,half,Half Day,4,55,1.0,220,Apprentice Plumbers — Half Day (4h),"Apprentice-tier plumbers for 4 hours (half day). Includes WC, payroll, GL, and dispatch. Tradesperson deploys to the shipping address provided at checkout.",usd,22000,plumbers_apprentice_half_220
plumbers_apprentice_full,plumbers,Plumbers,mechanical,apprentice,Apprentice,full,Full Day,8,55,1.0,440,Apprentice Plumbers — Full Day (8h),"Apprentice-tier plumbers for 8 hours (full day). Includes WC, payroll, GL, and dispatch. Tradesperson deploys to the shipping address provided at checkout.",usd,44000,plumbers_apprentice_full_440
plumbers_apprentice_weekly,plumbers,Plumbers,mechanical,apprentice,Apprentice,weekly,Weekly,40,55,0.92,2024,Apprentice Plumbers — Weekly (40h),"Apprentice-tier plumbers for 40 hours (weekly). Includes WC, payroll, GL, and dispatch. Tradesperson deploys to the shipping address provided at checkout.",usd,202400,plumbers_apprentice_weekly_2024
plumbers_journeyman_half,plumbers,Plumbers,mechanical,journeyman,Journeyman,half,Half Day,4,82,1.0,328,Journeyman Plumbers — Half Day (4h),"Journeyman-tier plumbers for 4 hours (half day). Includes WC, payroll, GL, and dispatch. Tradesperson deploys to the shipping address provided at checkout.",usd,32800,plumbers_journeyman_half_328
plumbers_journeyman_full,plumbers,Plumbers,mechanical,journeyman,Journeyman,full,Full Day,8,82,1.0,656,Journeyman Plumbers — Full Day (8h),"Journeyman-tier plumbers for 8 hours (full day). Includes WC, payroll, GL, and dispatch. Tradesperson deploys to the shipping address provided at checkout.",usd,65600,plumbers_journeyman_full_656
plumbers_journeyman_weekly,plumbers,Plumbers,mechanical,journeyman,Journeyman,weekly,Weekly,40,82,0.92,3018,Journeyman Plumbers — Weekly (40h),"Journeyman-tier plumbers for 40 hours (weekly). Includes WC, payroll, GL, and dispatch. Tradesperson deploys to the shipping address provided at checkout.",usd,301800,plumbers_journeyman_weekly_3018
plumbers_master_half,plumbers,Plumbers,mechanical,master,Master / Foreman,half,Half Day,4,110,1.0,440,Master / Foreman Plumbers — Half Day (4h),"Master / Foreman-tier plumbers for 4 hours (half day). Includes WC, payroll, GL, and dispatch. Tradesperson deploys to the shipping address provided at checkout.",usd,44000,plumbers_master_half_440
plumbers_master_full,plumbers,Plumbers,mechanical,master,Master / Foreman,full,Full Day,8,110,1.0,880,Master / Foreman Plumbers — Full Day (8h),"Master / Foreman-tier plumbers for 8 hours (full day). Includes WC, payroll, GL, and dispatch. Tradesperson deploys to the shipping address provided at checkout.",usd,88000,plumbers_master_full_880
plumbers_master_weekly,plumbers,Plumbers,mechanical,master,Master / Foreman,weekly,Weekly,40,110,0.92,4048,Master / Foreman Plumbers — Weekly (40h),"Master / Foreman-tier plumbers for 40 hours (weekly). Includes WC, payroll, GL, and dispatch. Tradesperson deploys to the shipping address provided at checkout.",usd,404800,plumbers_master_weekly_4048
commercial-plumbers_apprentice_half,commercial-plumbers,Commercial Plumbers,mechanical,apprentice,Apprentice,half,Half Day,4,62,1.0,248,Apprentice Commercial Plumbers — Half Day (4h),"Apprentice-tier commercial plumbers for 4 hours (half day). Includes WC, payroll, GL, and dispatch. Tradesperson deploys to the shipping address provided at checkout.",usd,24800,commercial-plumbers_apprentice_half_248
commercial-plumbers_apprentice_full,commercial-plumbers,Commercial Plumbers,mechanical,apprentice,Apprentice,full,Full Day,8,62,1.0,496,Apprentice Commercial Plumbers — Full Day (8h),"Apprentice-tier commercial plumbers for 8 hours (full day). Includes WC, payroll, GL, and dispatch. Tradesperson deploys to the shipping address provided at checkout.",usd,49600,commercial-plumbers_apprentice_full_496
commercial-plumbers_apprentice_weekly,commercial-plumbers,Commercial Plumbers,mechanical,apprentice,Apprentice,weekly,Weekly,40,62,0.92,2282,Apprentice Commercial Plumbers — Weekly (40h),"Apprentice-tier commercial plumbers for 40 hours (weekly). Includes WC, payroll, GL, and dispatch. Tradesperson deploys to the shipping address provided at checkout.",usd,228200,commercial-plumbers_apprentice_weekly_2282
commercial-plumbers_journeyman_half,commercial-plumbers,Commercial Plumbers,mechanical,journeyman,Journeyman,half,Half Day,4,92,1.0,368,Journeyman Commercial Plumbers — Half Day (4h),"Journeyman-tier commercial plumbers for 4 hours (half day). Includes WC, payroll, GL, and dispatch. Tradesperson deploys to the shipping address provided at checkout.",usd,36800,commercial-plumbers_journeyman_half_368
commercial-plumbers_journeyman_full,commercial-plumbers,Commercial Plumbers,mechanical,journeyman,Journeyman,full,Full Day,8,92,1.0,736,Journeyman Commercial Plumbers — Full Day (8h),"Journeyman-tier commercial plumbers for 8 hours (full day). Includes WC, payroll, GL, and dispatch. Tradesperson deploys to the shipping address provided at checkout.",usd,73600,commercial-plumbers_journeyman_full_736
commercial-plumbers_journeyman_weekly,commercial-plumbers,Commercial Plumbers,mechanical,journeyman,Journeyman,weekly,Weekly,40,92,0.92,3386,Journeyman Commercial Plumbers — Weekly (40h),"Journeyman-tier commercial plumbers for 40 hours (weekly). Includes WC, payroll, GL, and dispatch. Tradesperson deploys to the shipping address provided at checkout.",usd,338600,commercial-plumbers_journeyman_weekly_3386
commercial-plumbers_master_half,commercial-plumbers,Commercial Plumbers,mechanical,master,Master / Foreman,half,Half Day,4,125,1.0,500,Master / Foreman Commercial Plumbers — Half Day (4h),"Master / Foreman-tier commercial plumbers for 4 hours (half day). Includes WC, payroll, GL, and dispatch. Tradesperson deploys to the shipping address provided at checkout.",usd,50000,commercial-plumbers_master_half_500
commercial-plumbers_master_full,commercial-plumbers,Commercial Plumbers,mechanical,master,Master / Foreman,full,Full Day,8,125,1.0,1000,Master / Foreman Commercial Plumbers — Full Day (8h),"Master / Foreman-tier commercial plumbers for 8 hours (full day). Includes WC, payroll, GL, and dispatch. Tradesperson deploys to the shipping address provided at checkout.",usd,100000,commercial-plumbers_master_full_1000
commercial-plumbers_master_weekly,commercial-plumbers,Commercial Plumbers,mechanical,master,Master / Foreman,weekly,Weekly,40,125,0.92,4600,Master / Foreman Commercial Plumbers — Weekly (40h),"Master / Foreman-tier commercial plumbers for 40 hours (weekly). Includes WC, payroll, GL, and dispatch. Tradesperson deploys to the shipping address provided at checkout.",usd,460000,commercial-plumbers_master_weekly_4600
riggers_apprentice_half,riggers,Riggers,heavy,apprentice,Apprentice,half,Half Day,4,52,1.0,208,Apprentice Riggers — Half Day (4h),"Apprentice-tier riggers for 4 hours (half day). Includes WC, payroll, GL, and dispatch. Tradesperson deploys to the shipping address provided at checkout.",usd,20800,riggers_apprentice_half_208
riggers_apprentice_full,riggers,Riggers,heavy,apprentice,Apprentice,full,Full Day,8,52,1.0,416,Apprentice Riggers — Full Day (8h),"Apprentice-tier riggers for 8 hours (full day). Includes WC, payroll, GL, and dispatch. Tradesperson deploys to the shipping address provided at checkout.",usd,41600,riggers_apprentice_full_416
riggers_apprentice_weekly,riggers,Riggers,heavy,apprentice,Apprentice,weekly,Weekly,40,52,0.92,1914,Apprentice Riggers — Weekly (40h),"Apprentice-tier riggers for 40 hours (weekly). Includes WC, payroll, GL, and dispatch. Tradesperson deploys to the shipping address provided at checkout.",usd,191400,riggers_apprentice_weekly_1914
riggers_journeyman_half,riggers,Riggers,heavy,journeyman,Journeyman,half,Half Day,4,76,1.0,304,Journeyman Riggers — Half Day (4h),"Journeyman-tier riggers for 4 hours (half day). Includes WC, payroll, GL, and dispatch. Tradesperson deploys to the shipping address provided at checkout.",usd,30400,riggers_journeyman_half_304
riggers_journeyman_full,riggers,Riggers,heavy,journeyman,Journeyman,full,Full Day,8,76,1.0,608,Journeyman Riggers — Full Day (8h),"Journeyman-tier riggers for 8 hours (full day). Includes WC, payroll, GL, and dispatch. Tradesperson deploys to the shipping address provided at checkout.",usd,60800,riggers_journeyman_full_608
riggers_journeyman_weekly,riggers,Riggers,heavy,journeyman,Journeyman,weekly,Weekly,40,76,0.92,2797,Journeyman Riggers — Weekly (40h),"Journeyman-tier riggers for 40 hours (weekly). Includes WC, payroll, GL, and dispatch. Tradesperson deploys to the shipping address provided at checkout.",usd,279700,riggers_journeyman_weekly_2797
riggers_master_half,riggers,Riggers,heavy,master,Master / Foreman,half,Half Day,4,102,1.0,408,Master / Foreman Riggers — Half Day (4h),"Master / Foreman-tier riggers for 4 hours (half day). Includes WC, payroll, GL, and dispatch. Tradesperson deploys to the shipping address provided at checkout.",usd,40800,riggers_master_half_408
riggers_master_full,riggers,Riggers,heavy,master,Master / Foreman,full,Full Day,8,102,1.0,816,Master / Foreman Riggers — Full Day (8h),"Master / Foreman-tier riggers for 8 hours (full day). Includes WC, payroll, GL, and dispatch. Tradesperson deploys to the shipping address provided at checkout.",usd,81600,riggers_master_full_816
riggers_master_weekly,riggers,Riggers,heavy,master,Master / Foreman,weekly,Weekly,40,102,0.92,3754,Master / Foreman Riggers — Weekly (40h),"Master / Foreman-tier riggers for 40 hours (weekly). Includes WC, payroll, GL, and dispatch. Tradesperson deploys to the shipping address provided at checkout.",usd,375400,riggers_master_weekly_3754
welders_apprentice_half,welders,Welders,structural,apprentice,Apprentice,half,Half Day,4,48,1.0,192,Apprentice Welders — Half Day (4h),"Apprentice-tier welders for 4 hours (half day). Includes WC, payroll, GL, and dispatch. Tradesperson deploys to the shipping address provided at checkout.",usd,19200,welders_apprentice_half_192
welders_apprentice_full,welders,Welders,structural,apprentice,Apprentice,full,Full Day,8,48,1.0,384,Apprentice Welders — Full Day (8h),"Apprentice-tier welders for 8 hours (full day). Includes WC, payroll, GL, and dispatch. Tradesperson deploys to the shipping address provided at checkout.",usd,38400,welders_apprentice_full_384
welders_apprentice_weekly,welders,Welders,structural,apprentice,Apprentice,weekly,Weekly,40,48,0.92,1766,Apprentice Welders — Weekly (40h),"Apprentice-tier welders for 40 hours (weekly). Includes WC, payroll, GL, and dispatch. Tradesperson deploys to the shipping address provided at checkout.",usd,176600,welders_apprentice_weekly_1766
welders_journeyman_half,welders,Welders,structural,journeyman,Journeyman,half,Half Day,4,72,1.0,288,Journeyman Welders — Half Day (4h),"Journeyman-tier welders for 4 hours (half day). Includes WC, payroll, GL, and dispatch. Tradesperson deploys to the shipping address provided at checkout.",usd,28800,welders_journeyman_half_288
welders_journeyman_full,welders,Welders,structural,journeyman,Journeyman,full,Full Day,8,72,1.0,576,Journeyman Welders — Full Day (8h),"Journeyman-tier welders for 8 hours (full day). Includes WC, payroll, GL, and dispatch. Tradesperson deploys to the shipping address provided at checkout.",usd,57600,welders_journeyman_full_576
welders_journeyman_weekly,welders,Welders,structural,journeyman,Journeyman,weekly,Weekly,40,72,0.92,2650,Journeyman Welders — Weekly (40h),"Journeyman-tier welders for 40 hours (weekly). Includes WC, payroll, GL, and dispatch. Tradesperson deploys to the shipping address provided at checkout.",usd,265000,welders_journeyman_weekly_2650
welders_master_half,welders,Welders,structural,master,Master / Foreman,half,Half Day,4,98,1.0,392,Master / Foreman Welders — Half Day (4h),"Master / Foreman-tier welders for 4 hours (half day). Includes WC, payroll, GL, and dispatch. Tradesperson deploys to the shipping address provided at checkout.",usd,39200,welders_master_half_392
welders_master_full,welders,Welders,structural,master,Master / Foreman,full,Full Day,8,98,1.0,784,Master / Foreman Welders — Full Day (8h),"Master / Foreman-tier welders for 8 hours (full day). Includes WC, payroll, GL, and dispatch. Tradesperson deploys to the shipping address provided at checkout.",usd,78400,welders_master_full_784
welders_master_weekly,welders,Welders,structural,master,Master / Foreman,weekly,Weekly,40,98,0.92,3606,Master / Foreman Welders — Weekly (40h),"Master / Foreman-tier welders for 40 hours (weekly). Includes WC, payroll, GL, and dispatch. Tradesperson deploys to the shipping address provided at checkout.",usd,360600,welders_master_weekly_3606
operating-engineers_apprentice_half,operating-engineers,Operating Engineers,heavy,apprentice,Apprentice,half,Half Day,4,62,1.0,248,Apprentice Operating Engineers — Half Day (4h),"Apprentice-tier operating engineers for 4 hours (half day). Includes WC, payroll, GL, and dispatch. Tradesperson deploys to the shipping address provided at checkout.",usd,24800,operating-engineers_apprentice_half_248
operating-engineers_apprentice_full,operating-engineers,Operating Engineers,heavy,apprentice,Apprentice,full,Full Day,8,62,1.0,496,Apprentice Operating Engineers — Full Day (8h),"Apprentice-tier operating engineers for 8 hours (full day). Includes WC, payroll, GL, and dispatch. Tradesperson deploys to the shipping address provided at checkout.",usd,49600,operating-engineers_apprentice_full_496
operating-engineers_apprentice_weekly,operating-engineers,Operating Engineers,heavy,apprentice,Apprentice,weekly,Weekly,40,62,0.92,2282,Apprentice Operating Engineers — Weekly (40h),"Apprentice-tier operating engineers for 40 hours (weekly). Includes WC, payroll, GL, and dispatch. Tradesperson deploys to the shipping address provided at checkout.",usd,228200,operating-engineers_apprentice_weekly_2282
operating-engineers_journeyman_half,operating-engineers,Operating Engineers,heavy,journeyman,Journeyman,half,Half Day,4,90,1.0,360,Journeyman Operating Engineers — Half Day (4h),"Journeyman-tier operating engineers for 4 hours (half day). Includes WC, payroll, GL, and dispatch. Tradesperson deploys to the shipping address provided at checkout.",usd,36000,operating-engineers_journeyman_half_360
operating-engineers_journeyman_full,operating-engineers,Operating Engineers,heavy,journeyman,Journeyman,full,Full Day,8,90,1.0,720,Journeyman Operating Engineers — Full Day (8h),"Journeyman-tier operating engineers for 8 hours (full day). Includes WC, payroll, GL, and dispatch. Tradesperson deploys to the shipping address provided at checkout.",usd,72000,operating-engineers_journeyman_full_720
operating-engineers_journeyman_weekly,operating-engineers,Operating Engineers,heavy,journeyman,Journeyman,weekly,Weekly,40,90,0.92,3312,Journeyman Operating Engineers — Weekly (40h),"Journeyman-tier operating engineers for 40 hours (weekly). Includes WC, payroll, GL, and dispatch. Tradesperson deploys to the shipping address provided at checkout.",usd,331200,operating-engineers_journeyman_weekly_3312
operating-engineers_master_half,operating-engineers,Operating Engineers,heavy,master,Master / Foreman,half,Half Day,4,120,1.0,480,Master / Foreman Operating Engineers — Half Day (4h),"Master / Foreman-tier operating engineers for 4 hours (half day). Includes WC, payroll, GL, and dispatch. Tradesperson deploys to the shipping address provided at checkout.",usd,48000,operating-engineers_master_half_480
operating-engineers_master_full,operating-engineers,Operating Engineers,heavy,master,Master / Foreman,full,Full Day,8,120,1.0,960,Master / Foreman Operating Engineers — Full Day (8h),"Master / Foreman-tier operating engineers for 8 hours (full day). Includes WC, payroll, GL, and dispatch. Tradesperson deploys to the shipping address provided at checkout.",usd,96000,operating-engineers_master_full_960
operating-engineers_master_weekly,operating-engineers,Operating Engineers,heavy,master,Master / Foreman,weekly,Weekly,40,120,0.92,4416,Master / Foreman Operating Engineers — Weekly (40h),"Master / Foreman-tier operating engineers for 40 hours (weekly). Includes WC, payroll, GL, and dispatch. Tradesperson deploys to the shipping address provided at checkout.",usd,441600,operating-engineers_master_weekly_4416
heavy-equipment_apprentice_half,heavy-equipment,Heavy Equipment Operators,heavy,apprentice,Apprentice,half,Half Day,4,58,1.0,232,Apprentice Heavy Equipment Operators — Half Day (4h),"Apprentice-tier heavy equipment operators for 4 hours (half day). Includes WC, payroll, GL, and dispatch. Tradesperson deploys to the shipping address provided at checkout.",usd,23200,heavy-equipment_apprentice_half_232
heavy-equipment_apprentice_full,heavy-equipment,Heavy Equipment Operators,heavy,apprentice,Apprentice,full,Full Day,8,58,1.0,464,Apprentice Heavy Equipment Operators — Full Day (8h),"Apprentice-tier heavy equipment operators for 8 hours (full day). Includes WC, payroll, GL, and dispatch. Tradesperson deploys to the shipping address provided at checkout.",usd,46400,heavy-equipment_apprentice_full_464
heavy-equipment_apprentice_weekly,heavy-equipment,Heavy Equipment Operators,heavy,apprentice,Apprentice,weekly,Weekly,40,58,0.92,2134,Apprentice Heavy Equipment Operators — Weekly (40h),"Apprentice-tier heavy equipment operators for 40 hours (weekly). Includes WC, payroll, GL, and dispatch. Tradesperson deploys to the shipping address provided at checkout.",usd,213400,heavy-equipment_apprentice_weekly_2134
heavy-equipment_journeyman_half,heavy-equipment,Heavy Equipment Operators,heavy,journeyman,Journeyman,half,Half Day,4,85,1.0,340,Journeyman Heavy Equipment Operators — Half Day (4h),"Journeyman-tier heavy equipment operators for 4 hours (half day). Includes WC, payroll, GL, and dispatch. Tradesperson deploys to the shipping address provided at checkout.",usd,34000,heavy-equipment_journeyman_half_340
heavy-equipment_journeyman_full,heavy-equipment,Heavy Equipment Operators,heavy,journeyman,Journeyman,full,Full Day,8,85,1.0,680,Journeyman Heavy Equipment Operators — Full Day (8h),"Journeyman-tier heavy equipment operators for 8 hours (full day). Includes WC, payroll, GL, and dispatch. Tradesperson deploys to the shipping address provided at checkout.",usd,68000,heavy-equipment_journeyman_full_680
heavy-equipment_journeyman_weekly,heavy-equipment,Heavy Equipment Operators,heavy,journeyman,Journeyman,weekly,Weekly,40,85,0.92,3128,Journeyman Heavy Equipment Operators — Weekly (40h),"Journeyman-tier heavy equipment operators for 40 hours (weekly). Includes WC, payroll, GL, and dispatch. Tradesperson deploys to the shipping address provided at checkout.",usd,312800,heavy-equipment_journeyman_weekly_3128
heavy-equipment_master_half,heavy-equipment,Heavy Equipment Operators,heavy,master,Master / Foreman,half,Half Day,4,115,1.0,460,Master / Foreman Heavy Equipment Operators — Half Day (4h),"Master / Foreman-tier heavy equipment operators for 4 hours (half day). Includes WC, payroll, GL, and dispatch. Tradesperson deploys to the shipping address provided at checkout.",usd,46000,heavy-equipment_master_half_460
heavy-equipment_master_full,heavy-equipment,Heavy Equipment Operators,heavy,master,Master / Foreman,full,Full Day,8,115,1.0,920,Master / Foreman Heavy Equipment Operators — Full Day (8h),"Master / Foreman-tier heavy equipment operators for 8 hours (full day). Includes WC, payroll, GL, and dispatch. Tradesperson deploys to the shipping address provided at checkout.",usd,92000,heavy-equipment_master_full_920
heavy-equipment_master_weekly,heavy-equipment,Heavy Equipment Operators,heavy,master,Master / Foreman,weekly,Weekly,40,115,0.92,4232,Master / Foreman Heavy Equipment Operators — Weekly (40h),"Master / Foreman-tier heavy equipment operators for 40 hours (weekly). Includes WC, payroll, GL, and dispatch. Tradesperson deploys to the shipping address provided at checkout.",usd,423200,heavy-equipment_master_weekly_4232
